ID_Item,Título,Creador,ID_Creador,Editor,ID_Editor,"Lugar (Ciudad, País)",ID_Lugar,Fecha (YYYY-MM-DD),Idioma (ISO 639-3),Material,Tipo_Contenido,Tipo_Objeto,Relacionado_Con
ZAC-002-estampilla,Estampilla Fabbri Hermanos,[no disponible],[no disponible],Litografia y Tipografia Carlos Fabbri (Lima),https://viaf.org/viaf/169631729/,"Lima, Perú",https://www.wikidata.org/wiki/Q2868,[no disponible],spa,papel,imagen,estampilla,
ZAC-002-tarjeta,Tarjeta Señorita Zoila Cáceres,[no disponible],[no disponible],[no disponible],[no disponible],[no disponible],[no disponible],[no disponible],spa,cartón,texto,tarjeta,
ZAC-003-foto,Fotografía de Zoila Aurora Cáceres,[no disponible],[no disponible],[no disponible],[no disponible],[no disponible],[no disponible],[no disponible],[no aplica],papel,imagen,recorte,
ZAC-005-foto,Fotografía de Andrés A. Cáceres,[no disponible],[no disponible],[no disponible],[no disponible],[no disponible],[no disponible],[no disponible],[no aplica],papel fotográfico,imagen,fotografía,
ZAC-005/006-recorte1,Intelectuales latino americanos,Saint Just,[no disponible],América Literaria,[no disponible],"Lima, Perú",https://www.wikidata.org/wiki/Q2868,1903,spa,papel,texto,recorte,
ZAC-006-recorte2,Nocturna,[no disponible],[no disponible],América Literaria,[no disponible],[no disponible],[no disponible],[no disponible],spa,papel,texto,recorte,
ZAC-007-recorte1,Americanismo,"Cáceres, Zoila Aurora, 1877-1958",https://www.wikidata.org/wiki/Q4822525,[no disponible],[no disponible],"París, Francia",https://www.wikidata.org/wiki/Q90,1906,spa,papel,texto,recorte,
ZAC-007-recorte2,Sentimientos,"Cáceres, Zoila Aurora, 1877-1958",https://www.wikidata.org/wiki/Q4822525,Penumbras,[no disponible],"Lima, Perú",https://www.wikidata.org/wiki/Q2868,[no disponible],spa,papel,texto,recorte,
ZAC-007/008-tarjeta,Tarjeta de invitación a banquete,[no disponible],[no disponible],[no disponible],[no disponible],"Roma, Italia",https://www.wikidata.org/wiki/Q220,1893-03-02,fra,cartón,texto,tarjeta,
ZAC-009-carta,Carta de Alfredo Palacios a Zoila Aurora Cáceres,"Palacios, Alfredo Lorenzo, 1878-1965",https://www.wikidata.org/wiki/Q2880118,[no aplica],[no aplica],[no disponible],[no disponible],1906-02,spa,papel,texto,carta,
ZAC-010-recorte1,Condiccion [sic] juridica de la mujer,"Cáceres, Zoila Aurora, 1877-1958",https://www.wikidata.org/wiki/Q4822525,[no disponible],[no disponible],[no disponible],[no disponible],[no disponible],spa,papel,texto,recorte,
ZAC-010-recorte2,Espíritu burlón,"Cáceres, Zoila Aurora, 1877-1958",https://www.wikidata.org/wiki/Q4822525,[no disponible],[no disponible],"Tacna, Perú",https://www.wikidata.org/wiki/Q272795,1899,spa,papel,texto,recorte,"ZAC-019-recorte2, ZAC-033-recorte, ZAC-222-recorte"
ZAC-011/012-carta,Carta de Darío Perez a Zoila Aurora Cáceres,"Pérez García, Darío, 1869-1945",https://www.wikidata.org/wiki/Q28723513,"El Liberal (Barcelona, 1901-1935)",https://www.wikidata.org/wiki/Q28518824,"Barcelona, España",https://www.wikidata.org/wiki/Q1492,1902-05-13,spa,papel,texto,carta,
ZAC-013-recorte1,Las teologales. Caridad. Dictado para una velada de beneficencia,"Cáceres, Zoila Aurora, 1877-1958",https://www.wikidata.org/wiki/Q4822525,[no disponible],[no disponible],"Arica, Chile",https://www.wikidata.org/wiki/Q2203,1899,spa,papel,texto,recorte,"ZAC-027-recorte1, ZAC-113-recorte"
ZAC-013-foto,Fotografía de Enrique Gómez Carrillo,[no disponible],[no disponible],[no disponible],[no disponible],[no disponible],[no disponible],[no disponible],[no aplica],papel fotográfico,imagen,fotografía,
ZAC-013-recorte2,Presentación de Zoila Aurora Cáceres como colaboradora en una publicación literaria,[no disponible],[no disponible],[no disponible],[no disponible],[no disponible],[no disponible],[no disponible],spa,papel,texto,recorte,"ZAC-027-recorte2, ZAC-013-recorte1"
ZAC-014-carta,Carta de Helene Lange a Zoila Aurora Cáceres,"Lange, Helene, 1848-1930",https://www.wikidata.org/wiki/Q75209,[no aplica],[no aplica],"Berlín, Alemania",https://www.wikidata.org/wiki/Q651009,1902-11-18,fra,papel,texto,carta,ZAC-109/111-carta
ZAC-015/016-recorte,¡Memento!,"Cáceres, Zoila Aurora, 1877-1958",https://www.wikidata.org/wiki/Q4822525,Literatura y Arte,[no disponible],[no disponible],[no disponible],[no disponible],spa,papel,texto,recorte,"ZAC-042/043-recorte1, ZAC-129-recorte2"
ZAC-017/018-carta,Carta a Zoila Aurora Cáceres,[ininteligible],[no disponible],[no aplica],[no aplica],"Schlackenwerth, República Checa",https://www.wikidata.org/wiki/Q987487,1902-11-15,ita,papel,texto,carta,
ZAC-019-recorte1,Perú,[no disponible],[no disponible],[no disponible],[no disponible],[no disponible],[no disponible],[no disponible],spa,papel,texto,recorte,
ZAC-019-recorte2,Espíritu burlón,"Cáceres, Zoila Aurora, 1877-1958",https://www.wikidata.org/wiki/Q4822525,[no disponible],[no disponible],"Tacna, Perú",https://www.wikidata.org/wiki/Q272795,1899,spa,papel,texto,recorte,"ZAC-010-recorte2, ZAC-033-recorte, ZAC-222-recorte"
ZAC-020-tarjeta1,Tarjeta de invitación a banquete,[no disponible],[no disponible],[no disponible],[no disponible],"París, Francia",https://www.wikidata.org/wiki/Q90,1892-03-31,fra,cartón,texto,tarjeta,
ZAC-020/021-tarjeta2,Tarjeta de presentación de José María Gutiérrez,"Gutiérrez, José María, 1831-1903",https://www.wikidata.org/wiki/Q2835582,[no disponible],[no disponible],[no disponible],[no disponible],1903-03-12,spa,cartón,texto,tarjeta,
ZAC-022-recorte1,Artículo sobre Zoila Aurora Cáceres,[no disponible],[no disponible],[no disponible],[no disponible],[no disponible],[no disponible],[no disponible],spa,papel,texto,recorte,
ZAC-022-recorte2,Zoila Aurora Cáceres,[no disponible],[no disponible],[no disponible],[no disponible],[no disponible],[no disponible],[no disponible],spa,papel,texto,recorte,
ZAC-023-carta,Carta de Enrico Piccione a Zoila Aurora Cáceres,"Piccione, Enrico, 1862-1929",https://www.wikidata.org/wiki/Q19441214,[no aplica],[no aplica],"Santiago, Chile",https://www.wikidata.org/wiki/Q2887,1901-09-25,spa,papel,texto,carta,
ZAC-024-carta,Carta de L. Höcker a Zoila Aurora Cáceres,"Höcker, L.",[no disponible],[no aplica],[no aplica],"Berlín, Alemania",https://www.wikidata.org/wiki/Q64,[ininteligible],deu,papel,texto,carta,
ZAC-025/026-carta,Carta a Zoila Aurora Cáceres,[ininteligible] condesa Shliebem???,,[no aplica],[no aplica],"Berlín, Alemania",https://www.wikidata.org/wiki/Q64,1902-11-11,deu,papel,texto,carta,
ZAC-027-recorte1,Las teologales. Caridad. Dictado para una velada de beneficencia,"Cáceres, Zoila Aurora, 1877-1958",https://www.wikidata.org/wiki/Q4822525,[no disponible],[no disponible],"Arica, Chile",https://www.wikidata.org/wiki/Q2203,1899,spa,papel,texto,recorte,"ZAC-013-recorte1, ZAC-113-recorte"
ZAC-027-recorte2,Presentación de Zoila Aurora Cáceres como colaboradora en una publicación literaria,[no disponible],[no disponible],[no disponible],[no disponible],[no disponible],[no disponible],[no disponible],spa,papel,texto,recorte,"ZAC-013-recorte2, ZAC-027-recorte1"
ZAC-027-foto,Fotografía de Zoila Aurora Cáceres,[no disponible],[no disponible],[no disponible],[no disponible],[no disponible],[no disponible],[no disponible],[no aplica],papel,imagen,recorte,
ZAC-027-recorte3,Flor del aire,"Cáceres, Zoila Aurora, 1877-1958",https://www.wikidata.org/wiki/Q4822525,[no disponible],[no disponible],"Lima, Perú",https://www.wikidata.org/wiki/Q2868,1900,spa,papel,texto,recorte,
ZAC-028/029-carta,Carta de la Baronesa de Wilson a Zoila Aurora Cáceres,"Wilson, Emilia Serrano, baronesa de, 1843-1922",https://www.wikidata.org/wiki/Q5830843,[no aplica],[no aplica],"Barcelona, España",https://www.wikidata.org/wiki/Q1492,1902-01-21,spa,papel,texto,carta,
ZAC-030-recorte,Notas sociales. De regreso,[no disponible],[no disponible],[no disponible],[no disponible],[no disponible],[no disponible],[no disponible],spa,papel,texto,recorte,
ZAC-030-foto,Fotografía de Zoila Aurora Cáceres,[no disponible],[no disponible],[no disponible],[no disponible],[no disponible],[no disponible],[no disponible],[no aplica],papel,imagen,recorte,
ZAC-031/032-carta,Carta de Mariano José Madueño a Zoila Aurora Cáceres,"Madueño, Mariano José, 1854-1908",http://viaf.org/viaf/21151050030433411799,[no disponible],[no disponible],"Madrid, España",https://www.wikidata.org/wiki/Q2807,1900-11-24,spa,papel,texto,carta,
ZAC-033-recorte,Espíritu burlón,"Cáceres, Zoila Aurora, 1877-1958",https://www.wikidata.org/wiki/Q4822525,[no disponible],[no disponible],"Tacna, Perú",https://www.wikidata.org/wiki/Q272795,[no disponible],spa,papel,texto,recorte,"ZAC-010-recorte2, ZAC-019-recorte2, ZAC-222-recorte"
ZAC-033/034-tarjeta,Tarjeta de C. Carles,"Carles, C.",[no disponible],[no aplica],[no aplica],"Lima, Perú",https://www.wikidata.org/wiki/Q2868,[ininteligible],spa,cartón,texto,tarjeta,
ZAC-035/037-carta,Carta de V. Checa a Zoila Aurora Cáceres,"Checa, V.",[no disponible],[no aplica],[no aplica],"Buenos Aires, Argentina",https://www.wikidata.org/wiki/Q1486,1902-06-24,spa,papel,texto,carta,
ZAC-038-boceto,Boceto de Zoila Aurora Cáceres,"Hernández Morillo, Daniel, 1856-1932",https://www.wikidata.org/wiki/Q3014183,[no disponible],[no disponible],[no disponible],[no disponible],[no disponible],[no aplica],papel,imagen,boceto,
ZAC-039/040-tarjeta,Tarjeta de la revista Literatura y Arte a sus colegas y colaboradores literarios,"Díez de Medina, Eduardo, 1881-1955",https://www.wikidata.org/wiki/Q5340591,[no aplica],[no aplica],"La Paz, Bolivia",https://www.wikidata.org/wiki/Q1491,1902-01-01,spa,cartón,texto,tarjeta,
ZAC-039-carta,Carta de Benjamín Guzmán a Zoila Aurora Cáceres,"Guzmán C., Benjamín, 1873-",http://viaf.org/viaf/48276162,[no aplica],[no aplica],"Sucre, Bolivia",https://www.wikidata.org/wiki/Q2907,1900-09,spa,papel,texto,carta,
ZAC-041-carta,Carta de Dorothea Hirschfeld a Zoila Aurora Cáceres,"Hirschfeld, Dorothea, 1877-1966",https://www.wikidata.org/wiki/Q15449918,[no aplica],[no aplica],"Berlín, Alemania",https://www.wikidata.org/wiki/Q64,1902-11-08,deu,papel,texto,carta,
ZAC-042/043-recorte1,¡Memento!,"Cáceres, Zoila Aurora, 1877-1958",https://www.wikidata.org/wiki/Q4822525,Literatura y Arte,[no disponible],[no disponible],[no disponible],[no disponible],spa,papel,texto,recorte,"ZAC-015/016-recorte, ZAC-129-recorte2"
ZAC-042-recorte2,Nuestros grabados,[no disponible],[no disponible],Literatura y Arte,[no disponible],[no disponible],[no disponible],[no disponible],spa,papel,texto,recorte,
ZAC-043-recorte3,Poder,"Mujía, Ricardo, 1861-",http://viaf.org/viaf/202348332,Literatura y Arte,[no disponible],[no disponible],[no disponible],[no disponible],spa,papel,texto,recorte,
ZAC-044/048-carta,Carta de Juan Antonio Benlliure a Zoila Aurora Cáceres,"Benlliure, Juan Antonio, 1859-1930",https://www.wikidata.org/wiki/Q9015146,[no aplica],[no aplica],"Roma, Italia",https://www.wikidata.org/wiki/Q220,1895-09-24,spa,papel,texto,carta,ZAC-049-sobre
ZAC-049-sobre,Para la Señorita Zoyla Cácerez,"Benlliure, Juan Antonio, 1859-1930",https://www.wikidata.org/wiki/Q9015146,[no aplica],[no aplica],"Roma, Italia",https://www.wikidata.org/wiki/Q220,1895-09-24,spa,papel,objeto físico,sobre,ZAC-044/048-carta
ZAC-050/052-carta,Carta a Zoila Aurora Cáceres,[ininteligible] NV Friedes?? mismo remitente de ZAC-058/060-carta y otros.,,[no aplica],[no aplica],"París, Francia",https://www.wikidata.org/wiki/Q90,1902-12-18,fra,papel,texto,carta,
ZAC-053-carta,Carta de María Ercilia Velar a Zoila Aurora Cáceres,"Velar, María Ercilia",[no disponible],[no aplica],[no aplica],"Buenos Aires, Argentina",https://www.wikidata.org/wiki/Q1486,1901-03-28,spa,papel,texto,carta,
ZAC-054/056-carta,Carta de Katharina Littelmann a Zoila Aurora Cáceres,"Littelmann, Katharina",[no disponible],[no aplica],[no aplica],"Berlín, Alemania",https://www.wikidata.org/wiki/Q64,1902-10-20,fra,papel,texto,carta,
ZAC-057-foto,Fotografía de Zoila Aurora Cáceres,[no disponible],[no disponible],[no disponible],[no disponible],[no disponible],[no disponible],[no disponible],[no aplica],papel,imagen,recorte,
ZAC-058/060-carta,Carta a Zoila Aurora Cáceres,[ininteligible] mismo remitente de ZAC-050/052-carta,,[no disponible],[no disponible],"París, Francia",https://www.wikidata.org/wiki/Q90,1903-05-31,spa,papel,texto,carta,
ZAC-061-carta,Carta a Zoila Aurora Cáceres,[ininteligible] mismo remitente de ZAC-050/052-carta,,[no aplica],[no aplica],"París, Francia",https://www.wikidata.org/wiki/Q90,[ininteligible],spa,papel,texto,carta,
ZAC-062/063-carta,Carta a Zoila Aurora Cáceres,[ininteligible],[no disponible],[no aplica],[no aplica],"Berlín, Alemania",https://www.wikidata.org/wiki/Q64,1902-11-09,fra,papel,texto,carta,
ZAC-064/066-carta,Carta de Mariano Benlliure a Zoila Aurora Cáceres,"Benlliure, Mariano, 1862-1947",https://www.wikidata.org/wiki/Q2402329,[no aplica],[no aplica],"Madrid, España",https://www.wikidata.org/wiki/Q2807,1902-07-18,spa,papel,texto,carta,
ZAC-067/068-carta,Carta de Charlette Adrianne Bédu a Zoila Aurora Cáceres,"Bédu, Charlette Adrianne",[no disponible],[no aplica],[no aplica],[no disponible],[no disponible],[no disponible],fra,papel,texto,carta,
ZAC-069/071-carta,Carta a Zoila Aurora Cáceres,[ininteligible],[no disponible],[no aplica],[no aplica],[no disponible],[no disponible],[no disponible],eng,papel,texto,carta,
ZAC-072/073-postal,Tarjeta postal de Alfredo Palacios con dedicatoria para Zoila Aurora Cáceres,"Palacios, Alfredo Lorenzo, 1878-1965",https://www.wikidata.org/wiki/Q2880118,[no aplica],[no aplica],"Buenos Aires, Argentina",https://www.wikidata.org/wiki/Q1486,1906-02-08,spa,cartón,texto,tarjeta postal,
ZAC-074/075-carta,Carta de Alfredo Palacios a Zoila Aurora Cáceres,"Palacios, Alfredo Lorenzo, 1878-1965",https://www.wikidata.org/wiki/Q2880118,[no aplica],[no aplica],"Buenos Aires, Argentina",https://www.wikidata.org/wiki/Q1486,1902-08-19,spa,papel,texto,carta,
ZAC-076/078-carta,Carta a Zoila Aurora Cáceres,[ininteligible] mismo remitente de ZAC-050/052-carta,,[no aplica],[no aplica],"París, Francia",https://www.wikidata.org/wiki/Q90,1902-09-18,fra,papel,texto,carta,
ZAC-079-carta,Carta de Ersilia Caetani Lovatelli a Zoila Aurora Cáceres,"Caetani-Lovatelli, Ersilia, 1840-1925",https://www.wikidata.org/wiki/Q1361810,[no aplica],[no aplica],[no disponible],[no disponible],[no disponible],fra,papel,texto,carta,
ZAC-080-carta,Carta a Zoila Aurora Cáceres,[ininteligible] Bois???,[no disponible],[no aplica],[no aplica],[no disponible],[no disponible],[no disponible],fra,papel,texto,carta,
ZAC-081-recorte,Americanismo,"Cáceres, Zoila Aurora, 1877-1958",https://www.wikidata.org/wiki/Q4822525,[no disponible],[no disponible],"París, Francia",https://www.wikidata.org/wiki/Q90,1906,spa,papel,texto,recorte,
ZAC-081-carnet,Carné de Zoila Aurora Cáceres,École des Hautes Études Sociales. École Sociale,https://www.wikidata.org/wiki/Q3045917,[no disponible],[no disponible],"París, Francia",https://www.wikidata.org/wiki/Q90,1901/1902,fra,cartón,texto,carné de identidad,ZAC-103-carnet
ZAC-082/083-carta,Carta de Rachel y Gustav Kahn a Zoila Aurora Cáceres,"Kahn, Rachel, 1860-1933",https://www.wikidata.org/wiki/Q110225331,[no aplica],[no aplica],"París, Francia",https://www.wikidata.org/wiki/Q90,[no disponible],fra,papel,texto,carta,
ZAC-084-carta,Carta de M. Salvador Ulloa a Zoila Aurora Cáceres,"Ulloa, Manuel Salvador",http://viaf.org/viaf/25163510321010932092,[no aplica],[no aplica],"Tacna, Perú",https://www.wikidata.org/wiki/Q272795,1900-11-07,spa,papel,texto,carta,
ZAC-085-foto,Fotografía en cementerio,[no disponible],[no disponible],[no disponible],[no disponible],[no disponible],[no disponible],[no disponible],[no aplica],papel fotográfico,imagen,fotografía,
ZAC-086-recorte1,De Marsella a Tokio por Gómez Carrillo,Evans,[no disponible],El Tiempo,[no disponible],[no disponible],[no disponible],[no disponible],spa,papel,texto,recorte,
ZAC-086-recorte2,L'arrivo dei pubblicisti francesi,[no disponible],[no disponible],"Il Secolo (Milán, 1866-1927)",https://www.wikidata.org/wiki/Q3792935,"Milán, Italia",https://www.wikidata.org/wiki/Q490,[no disponible],ita,papel,texto,recorte,
ZAC-086-recorte3,Hommage à M. Ferrero,[no disponible],[no disponible],[no disponible],[no disponible],[no disponible],[no disponible],[no disponible],fra,papel,texto,recorte,ZAC-086-recorte4
ZAC-086-recorte4,Noticia sobre homenaje a Guglielmo Ferrero,[no disponible],[no disponible],[no disponible],[no disponible],[no disponible],[no disponible],[no disponible],fra,papel,texto,recorte,ZAC-086-recorte3
ZAC-087-tarjeta,Banquet offert par Latina à Madame Aurora Caceres,[no disponible],[no disponible],[no disponible],[no disponible],"París, Francia",https://www.wikidata.org/wiki/Q90,[no disponible],fra,cartón,texto,tarjeta,
ZAC-087-recorte,Agustín Gómez Carrillo,"Macías del Real, Antonio, 1866-1939",https://www.wikidata.org/wiki/Q20007201,[no disponible],[no disponible],[no disponible],[no disponible],[no disponible],spa,papel,texto,recorte,
ZAC-088-recorte1,París. El marido de la Otero.,"Gómez Carrillo, Enrique, 1873-1927",https://www.wikidata.org/wiki/Q5379720,[no disponible],[no disponible],[no disponible],[no disponible],[no disponible],spa,papel,texto,recorte,
ZAC-088-recorte2,Le banquet Ferrero,[no disponible],[no disponible],[no disponible],[no disponible],[no disponible],[no disponible],[no disponible],fra,papel,texto,recorte,
ZAC-088-recorte3,Noticia sobre homenaje a Guglielmo Ferrero,[no disponible],[no disponible],[no disponible],[no disponible],[no disponible],[no disponible],[no disponible],fra,papel,texto,recorte,
ZAC-089/090-carta,Carta de V. Checa a Zoila Aurora Cáceres,"Checa, V.",[no disponible],[no aplica],[no aplica],"París, Francia",https://www.wikidata.org/wiki/Q90,1902-01-04,spa,papel,texto,carta,
ZAC-091-foto,Fotografía de Federico A. Gutiérrez,[no disponible],[no disponible],[no aplica],[no aplica],[no disponible],[no disponible],[no disponible],[no aplica],papel fotográfico,imagen,fotografía,
ZAC-091/092-carta,Carta de Federico A. Gutierrez a Zoila Aurora Cáceres,"Gutierrez, Federico A.",[no disponible],[no aplica],[no aplica],"Buenos Aires, Argentina",https://www.wikidata.org/wiki/Q1486,1899-01-10,spa,papel,texto,carta,
ZAC-093-carta,Carta a Zoila Aurora Cáceres,[ininteligible] mismo remitente de ZAC-050/052-carta,,[no aplica],[no aplica],"París, Francia",https://www.wikidata.org/wiki/Q90,1902-01-11,spa,papel,texto,carta,
ZAC-094/095-carta,Carta de Eduardo Diez de Medina a Zoila Aurora Cáceres,"Díez de Medina, Eduardo, 1881-1955",https://www.wikidata.org/wiki/Q5340591,[no aplica],[no aplica],"La Paz, Bolivia",https://www.wikidata.org/wiki/Q1491,1900-04-17,spa,papel,texto,carta,
ZAC-096-recorte1,Maria Luisa,"Salomón Osorio, Alberto, 1877-1959",https://www.wikidata.org/wiki/Q5663560,"La Neblina: Artes y Letras (Lima, 1896-1897)",https://n2t.net/ark:/13960/s219q01rzh9,[no disponible],[no disponible],[no disponible],spa,papel,texto,recorte,
ZAC-096-recorte2,Alberto Salomón,J.M.B.,[no disponible],Letras,[no disponible],"Lima, Perú",https://www.wikidata.org/wiki/Q2868,1897,spa,papel,texto,recorte,
ZAC-096-recorte3,Besos de claustro,"Salomón Osorio, Alberto, 1877-1959",https://www.wikidata.org/wiki/Q5663560,[no disponible],[no disponible],[no disponible],[no disponible],[no disponible],spa,papel,texto,recorte,
ZAC-097-recorte1,La cita muerta,"Salomón Osorio, Alberto, 1877-1959",https://www.wikidata.org/wiki/Q5663560,América Literaria,[no disponible],"Lima, Perú",https://www.wikidata.org/wiki/Q2868,1899,spa,papel,texto,recorte,
ZAC-097-recorte2,La tumbas violadas,"Salomón Osorio, Alberto, 1877-1959",https://www.wikidata.org/wiki/Q5663560,La Semana Literaria,[no disponible],"Lima, Perú",https://www.wikidata.org/wiki/Q2868,1899,spa,papel,texto,recorte,
ZAC-097-recorte3,La cita muerta,"Salomón Osorio, Alberto, 1877-1959",https://www.wikidata.org/wiki/Q5663560,La Semana Literaria,[no disponible],"Lima, Perú",https://www.wikidata.org/wiki/Q2868,1899,spa,papel,texto,recorte,
ZAC-097-recorte4,El ideal moderno,"Salomón Osorio, Alberto, 1877-1959",https://www.wikidata.org/wiki/Q5663560,[no disponible],[no disponible],"Lima, Perú",https://www.wikidata.org/wiki/Q2868,1901,spa,papel,texto,recorte,
ZAC-097-recorte5,Humo,"Salomón Osorio, Alberto, 1877-1959",https://www.wikidata.org/wiki/Q5663560,"La Neblina: Artes y Letras (Lima, 1896-1897)",https://n2t.net/ark:/13960/s219q01rzh9,"Lima, Perú",https://www.wikidata.org/wiki/Q2868,1895,spa,papel,texto,recorte,
ZAC-098/099-recorte,Canto patriótico,"Salomón Osorio, Alberto, 1877-1959",https://www.wikidata.org/wiki/Q5663560,"La Neblina: Artes y Letras (Lima, 1896-1897)",https://n2t.net/ark:/13960/s219q01rzh9,"Lima, Perú",https://www.wikidata.org/wiki/Q2868,1896,spa,papel,texto,recorte,
ZAC-100-recorte1,La Roma joven,"Salomón Osorio, Alberto, 1877-1959",https://www.wikidata.org/wiki/Q5663560,El Faro,[no disponible],"Lima, Perú",https://www.wikidata.org/wiki/Q2868,1896-09-20,spa,papel,texto,recorte,
ZAC-100-recorte2,Reina blanca,"Salomón Osorio, Alberto, 1877-1959",https://www.wikidata.org/wiki/Q5663560,[no disponible],[no disponible],"Lima, Perú",https://www.wikidata.org/wiki/Q2868,[no disponible],spa,papel,texto,recorte,
ZAC-101-recorte1,Ser (amor),"Salomón Osorio, Alberto, 1877-1959",https://www.wikidata.org/wiki/Q5663560,"La Neblina: Artes y Letras (Lima, 1896-1897)",https://n2t.net/ark:/13960/s219q01rzh9,"Lima, Perú",https://www.wikidata.org/wiki/Q2868,1896,spa,papel,texto,recorte,
ZAC-101-recorte2,Garra,"Salomón Osorio, Alberto, 1877-1959",https://www.wikidata.org/wiki/Q5663560,[no disponible],[no disponible],[no disponible],[no disponible],[no disponible],spa,papel,texto,recorte,
ZAC-101-recorte3,Monólogo del suicida con un revólver,"Salomón Osorio, Alberto, 1877-1959",https://www.wikidata.org/wiki/Q5663560,[no disponible],[no disponible],[no disponible],[no disponible],[no disponible],spa,papel,texto,recorte,
ZAC-101-foto,Fotografía de Alberto Salomón,[no disponible],[no disponible],[no disponible],[no disponible],[no disponible],[no disponible],[no disponible],[no aplica],papel,imagen,recorte,
ZAC-102-recorte,Cristo,"Salomón Osorio, Alberto, 1877-1959",https://www.wikidata.org/wiki/Q5663560,[no disponible],[no disponible],[no disponible],[no disponible],1897,spa,papel,texto,recorte,
ZAC-103/104-carta,Carta de Godofredo D. Coca a Zoila Aurora Cáceres,"Coca, Godofredo D.",http://viaf.org/viaf/120504373,[no aplica],[no aplica],"Buenos Aires, Argentina",https://www.wikidata.org/wiki/Q1486,1900-03-29,spa,papel,texto,carta,
ZAC-103-carnet,Carné de Zoila Aurora Cáceres,École des Hautes Études Sociales. École de Journalisme,https://www.wikidata.org/wiki/Q3045917,[no aplica],[no aplica],"París, Francia",https://www.wikidata.org/wiki/Q90,1902/1903,fra,cartón,texto,carné de identidad,ZAC-081-carnet
ZAC-103-tarjeta,Tarjeta de Emma Vely,"Vely, Emma, 1848-1934",https://www.wikidata.org/wiki/Q15452068,[no disponible],[no disponible],"Berlín, Alemania",https://www.wikidata.org/wiki/Q64,[no disponible],deu,cartón,texto,tarjeta,
ZAC-105/106-recorte,El discurso del Politeama. (El carácter nacional),"Salomón Osorio, Alberto, 1877-1959",https://www.wikidata.org/wiki/Q5663560,"El Comercio (Lima, 1839-)",https://www.wikidata.org/wiki/Q1324020,"Lima, Perú",https://www.wikidata.org/wiki/Q2868,[no disponible],spa,papel,texto,recorte,
ZAC-107/108-tarjeta,Tarjeta de María Augusta Arana,"Arana, María Augusta",[no disponible],[no aplica],[no aplica],[no disponible],[no disponible],1904-09-26,spa,cartón,texto,tarjeta,
ZAC-107/108-postal,Tarjeta postal a Zoila Aurora Cáceres,[ininteligible] mismo remitente de ZAC-050/052-carta,,[no disponible],[no disponible],"París, Francia",https://www.wikidata.org/wiki/Q90,1902,spa,cartón,texto,tarjeta postal,
ZAC-107-recorte,El indio (A Evangelina),"Quina Castañón, Pedro",[no disponible],[no disponible],[no disponible],"Tacna, Perú",https://www.wikidata.org/wiki/Q272795,1904,spa,papel,texto,recorte,
ZAC-107-foto,Fotografía de Zoila Aurora Cáceres,[no disponible],[no disponible],[no disponible],[no disponible],[no disponible],[no disponible],[no disponible],[no aplica],papel,imagen,recorte,
ZAC-109/111-carta,Copia editada de artículo sobre Helene Lange y entrevista epistolar,[no disponible],[no disponible],[no aplica],[no aplica],[no disponible],[no disponible],1896-01-01,deu,papel,texto,carta,ZAC-014-carta
ZAC-112-tela,Material textil estampado para Mademoiselle Zoila Caceres,[no disponible],[no disponible],[no disponible],[no disponible],[no disponible],[no disponible],[no disponible],fra,material textil estampado,objeto físico,artefacto de información,
ZAC-112-carta,Carta del Consejo Nacional de Mujeres de la República Argentina a Zoila Aurora Cáceres,Consejo Nacional de Mujeres de la República Argentina,[no disponible],[no disponible],[no disponible],"Buenos Aires, Argentina",https://www.wikidata.org/wiki/Q1486,1904-11,spa,papel,texto,carta,
ZAC-113-recorte,Las teologales. Caridad. Dictado para una velada de beneficencia,"Cáceres, Zoila Aurora, 1877-1958",https://www.wikidata.org/wiki/Q4822525,[no disponible],[no disponible],"Arica, Chile",https://www.wikidata.org/wiki/Q2203,1899,spa,papel,texto,recorte,"ZAC-013-recorte1, ZAC-027-recorte1"
ZAC-113-tarjeta,Tarjeta ilustrada Mademoiselle Zoïla Cacérès,[no disponible],[no disponible],[no disponible],[no disponible],[no disponible],[no disponible],[no disponible],fra,cartón,texto,tarjeta,
ZAC-114/115-carta,Carta de Miguel M. Lima a Zoila Aurora Cácere,"Lima, Miguel M.",[no disponible],[no disponible],[no disponible],"Guayaquil, Ecuador",https://www.wikidata.org/wiki/Q43509,1900-10-01,spa,papel,texto,carta,
ZAC-116-tarjeta,Tarjeta ilustrada Mademoiselle Z. Caceres,[no disponible],[no disponible],[no disponible],[no disponible],[no disponible],[no disponible],[no disponible],fra,cartón,texto,tarjeta,
ZAC-116/117-recorte,Plumas y lápices,"Matto de Turner, Clorinda, 1852-1909",https://www.wikidata.org/wiki/Q463299,[no disponible],[no disponible],[no disponible],[no disponible],[no disponible],spa,papel,texto,recorte,
ZAC-118/119-folleto,Folleto publicitario Hamburg Brasilien & La Plata,Hamburg Südamerkanische Dampfschifffahrts-Gesellschaft,https://www.wikidata.org/wiki/Q565050,[no aplica],[no aplica],"Montevideo, Uruguay",https://www.wikidata.org/wiki/Q1335,[no disponible],deu,cartón,imagen,folleto,
ZAC-120-dibujo,Dibujo de bandera,[no disponible],[no disponible],[no disponible],[no disponible],[no disponible],[no disponible],[no disponible],[no aplica],cartón,imagen,dibujo,
ZAC-121-recorte,Eva Angelina,"Muñoz, Margarita Práxedes, 1862-1909",https://www.wikidata.org/wiki/Q104777909,La Ilustración Sud-Americana,[no disponible],[no disponible],[no disponible],[no disponible],spa,papel,texto,recorte,
ZAC-121/122-recorte,Por la infancia,"Cáceres, Zoila Aurora, 1877-1958",https://www.wikidata.org/wiki/Q4822525,La Ilustración Sud-Americana,[no disponible],"Tacna, Perú",https://www.wikidata.org/wiki/Q272795,[no disponible],spa,papel,texto,recorte,
ZAC-122-recorte,Ariel. Por José Enrique Rodó,[no disponible],[no disponible],La Ilustración Sud-Americana,[no disponible],[no disponible],[no disponible],[no disponible],spa,papel,texto,recorte,
ZAC-123/125-carta,Carta a Zoila Aurora Cáceres,[ininteligible],,[no aplica],[no aplica],"Barcelona, España",https://www.wikidata.org/wiki/Q1492,1902-03,spa,papel,texto,carta,
ZAC-126/127-tarjeta1,Tarjeta de invitación a banquete,[no disponible],[no disponible],[no disponible],[no disponible],[no disponible],[no disponible],[no disponible],fra,cartón,texto,tarjeta,
ZAC-126/128-carta,Carta de Vico a Zoila Aurora Cáceres,Vico,[no disponible],[no aplica],[no aplica],"Lima, Perú",https://www.wikidata.org/wiki/Q2868,[ininteligible],spa,papel,texto,carta,
ZAC-126-tarjeta2,Tarjeta Señorita Zoyla Cáceres,[no disponible],[no disponible],[no disponible],[no disponible],[no disponible],[no disponible],[no disponible],spa,cartón,texto,tarjeta,
ZAC-129-recorte1,Zoila Aurora Cáceres,[no disponible],[no disponible],"La Opinión Nacional (Lima, 1873-1913)",https://www.wikidata.org/wiki/Q80947786,[no disponible],[no disponible],[no disponible],spa,papel,texto,recorte,ZAC-129-recorte2
ZAC-129-recorte2,¡Memento!,"Cáceres, Zoila Aurora, 1877-1958",https://www.wikidata.org/wiki/Q4822525,"La Opinión Nacional (Lima, 1873-1913)",https://www.wikidata.org/wiki/Q80947786,[no disponible],[no disponible],[no disponible],spa,papel,texto,recorte,"ZAC-015/016-recorte, ZAC-042/043-recorte1"
ZAC-130/131-tarjeta1,Tarjeta de invitación a banquete,[no disponible],[no disponible],[no disponible],[no disponible],"Ainhoa, Francia",https://www.wikidata.org/wiki/Q212962,1892-09-12,fra,cartón,texto,tarjeta,
ZAC-130-tarjeta2,Tarjeta Mademoiselle Cacérès,[no disponible],[no disponible],[no disponible],[no disponible],[no disponible],[no disponible],[no disponible],fra,cartón,texto,tarjeta,
ZAC-132-carta,Carta a Zoila Aurora Cáceres,[ininteligible],[no disponible],[no aplica],[no aplica],"París, Francia",https://www.wikidata.org/wiki/Q90,[no disponible],fra,papel,texto,carta,
ZAC-133-foto,Fotografía de niña,[no disponible],[no disponible],[no disponible],[no disponible],[no disponible],[no disponible],[no disponible],[no aplica],papel fotográfico,imagen,fotografía,
ZAC-133-recorte1,Texto (incompleto) de Alejandro Ghigliani,"Ghigliani, Alejandro",[no disponible],La Alborada,[no disponible],"Buenos Aires, Argentina",https://www.wikidata.org/wiki/Q1486,1899-11,spa,papel,texto,recorte,
ZAC-133-recorte2,Estrofas,"Grilo, Antonio",[no disponible],La Alborada,[no disponible],"Santiago, Chile",https://www.wikidata.org/wiki/Q2887,1899,spa,papel,texto,recorte,
ZAC-133/134-recorte3,¿Mujer ó mármol?,"Cáceres, Zoila Aurora, 1877-1958",https://www.wikidata.org/wiki/Q4822525,La Alborada,[no disponible],"Tacna, Perú",https://www.wikidata.org/wiki/Q272795,1899,spa,papel,texto,recorte,
ZAC-133-tarjeta1,Tarjeta Mademoiselle Z. Caceres,[no disponible],[no disponible],[no disponible],[no disponible],[no disponible],[no disponible],[no disponible],fra,cartón,texto,tarjeta,
ZAC-133-tarjeta2?,Tarjeta Srta. Zoila Cáceres,[no disponible],[no disponible],[no disponible],[no disponible],[no disponible],[no disponible],1895-06-05,spa,cartón o tela?,texto,tarjeta,
ZAC-135/136-nota,Nota de Victor Margueritte,"Margueritte, Victor, 1866-1942",https://www.wikidata.org/wiki/Q2616465,[no aplica],[no aplica],"París, Francia",https://www.wikidata.org/wiki/Q90,[no disponible],fra,cartón,texto,nota,
ZAC-135/136-tarjeta,Tarjeta de invitación a banquete,[no disponible],[no disponible],[no disponible],[no disponible],"París, Francia",https://www.wikidata.org/wiki/Q90,[no disponible],fra,cartón,texto,tarjeta,
ZAC-137-recorte1,París. El voto de las mujeres,"Gómez Carrillo, Enrique, 1873-1927",https://www.wikidata.org/wiki/Q5379720,[no disponible],[no disponible],[no disponible],[no disponible],[no disponible],spa,papel,texto,recorte,
ZAC-137-recorte2,L´Ame Japonaise,"Liebrecht, Henri, 1884-1955",https://www.wikidata.org/wiki/Q3131489,[no disponible],[no disponible],[no disponible],[no disponible],[no disponible],fra,papel,texto,recorte,
ZAC-138/139-carta,Carta a Zoila Aurora Cáceres,[ininteligible] mismo remitente de ZAC-050/052-carta,[no disponible],[no aplica],[no aplica],"París, Francia",https://www.wikidata.org/wiki/Q90,[no disponible],fra,papel,texto,carta,
ZAC-140-carta,Carta de Xavier de Carvalho a Zoila Aurora Cáceres,"Carvalho, Xavier de, 1862-1919",https://www.wikidata.org/wiki/Q110087177,[no aplica],[no aplica],"París, Francia",https://www.wikidata.org/wiki/Q90,[no disponible],fra,papel,texto,carta,
ZAC-141/143-carta,Carta a Zoila Aurora Cáceres,[ininteligible],[no disponible],[no aplica],[no aplica],"París, Francia",https://www.wikidata.org/wiki/Q90,[no disponible],fra,papel,texto,carta,
ZAC-144-recorte,Evangelina y Gómez Carrillo,[no disponible],[no disponible],Actualidades,[no disponible],[no disponible],[no disponible],[no disponible],spa,papel,texto,recorte,
ZAC-145/146-carta,Carta a Zoila Aurora Cáceres,[ininteligible] mismo remitente de ZAC-050/052-carta,[no disponible],[no disponible],[no disponible],"París, Francia",https://www.wikidata.org/wiki/Q90,1902-02-06,fra,papel,texto,carta,
ZAC-147-recorte1,Rubén Darío,"Bonafoux, Luis, 1855-1918",https://www.wikidata.org/wiki/Q5982933,[no disponible],[no disponible],"Asnières, Francia",[no disponible],1906-10,spa,papel,texto,recorte,
ZAC-147/148-recorte2,Gómez Carrillo (La felicidad),"Darío, Rubén, 1867-1916",https://www.wikidata.org/wiki/Q173767,[no disponible],[no disponible],[no disponible],[no disponible],[no disponible],spa,papel,texto,recorte,
ZAC-148-recorte3,D. Ricardo Blasco,"Nordau, Max, 1849-1923",https://www.wikidata.org/wiki/Q472270,[no disponible],[no disponible],"París, Francia",https://www.wikidata.org/wiki/Q90,1906-10,spa,papel,texto,recorte,
ZAC-148-recorte4,Fernando Mora,"Bellido, F.",[no disponible],[no disponible],[no disponible],[no disponible],[no disponible],[no disponible],spa,papel,texto,recorte,
ZAC-149-recorte,Le banquet Ferrero,G.B.,[no disponible],[no disponible],[no disponible],[no disponible],[no disponible],[no disponible],fra,papel,texto,recorte,"ZAC-086-recorte3, ZAC-086-recorte4, ZAC-088-recorte2, ZAC-088-recorte3"
ZAC-149-tarjeta,Souvenir du gala-kermesse,Fondation Alphonse XIII,[no disponible],[no disponible],[no disponible],[no disponible],[no disponible],1906-11-18,fra,cartón,texto,tarjeta,
ZAC-150-recorte1,Una boda literaria,"Mora, F.",[no disponible],"ABC (Madrid, 1903-)",https://www.wikidata.org/wiki/Q287076,"París, Francia",https://www.wikidata.org/wiki/Q90,1905-06-04,spa,papel,texto,recorte,
ZAC-150-recorte2,Una boda literaria,[no disponible],[no disponible],"ABC (Madrid, 1903-)",https://www.wikidata.org/wiki/Q287076,"París, Francia",https://www.wikidata.org/wiki/Q90,1905-06-03,spa,papel,texto,recorte,
ZAC-151-recorte,Gaston Routier,"Pietri-Daudet, A.",[no disponible],[no disponible],[no disponible],[no disponible],[no disponible],[no disponible],fra,papel,texto,recorte,
ZAC-152/153-carta,Carta de José Pardo a Zoila Aurora Cáceres,"Pardo y Barreda, José, 1864-1947",https://www.wikidata.org/wiki/Q136632,[no aplica],[no aplica],"Lima, Perú",https://www.wikidata.org/wiki/Q2868,1905-06-02,spa,papel,texto,carta,
ZAC-154-recorte,Perú,[no disponible],[no disponible],[no disponible],[no disponible],[no disponible],[no disponible],1906-03,spa,papel,texto,recorte,
ZAC-155-recorte,Nueva institución peruana,[no disponible],[no disponible],"La Voz del Sur (Tacna, 1893-1911)",[no disponible],[no disponible],[no disponible],1905-09-30,spa,papel,texto,recorte,
ZAC-156-tela,"Anniversaire ""Alger-Toulon""",[no disponible],[no disponible],[no disponible],[no disponible],[no disponible],[no disponible],1906-05-13,fra,material textil estampado,objeto físico,objeto conmemorativo,
ZAC-157/158-carta,Carta de L. Margueritte a Zoila Aurora Cáceres,"Margueritte, L.",[no disponible],[no aplica],[no aplica],"París, Francia",https://www.wikidata.org/wiki/Q90,[no disponible],fra,papel,texto,carta,
ZAC-159/160-recorte,Cartas de París,"Cáceres, Zoila Aurora, 1877-1958",https://www.wikidata.org/wiki/Q4822525,[no disponible],[no disponible],"París, Francia",https://www.wikidata.org/wiki/Q90,1901,spa,papel,texto,recorte,
ZAC-161-carta,Carta a Zoila Aurora Cáceres,[ininteligible],[no disponible],[no aplica],[no aplica],"París, Francia",https://www.wikidata.org/wiki/Q90,[no disponible],fra,papel,texto,carta,
ZAC-162/169-recorte,L'Ame Japonaise,"Duc, Lucien, 1849-1915",https://www.wikidata.org/wiki/Q12949553,"La Province (París, 1879-1914)",https://www.wikidata.org/wiki/Q1187449111,"París, Francia",https://www.wikidata.org/wiki/Q90,[no disponible],fra,papel,texto,recorte,
ZAC-170-recorte,L'Idéal,"Duminy, Marcel",[no disponible],"La Province (París, 1879-1914)",https://www.wikidata.org/wiki/Q1187449111,"París, Francia",https://www.wikidata.org/wiki/Q90,[no disponible],fra,papel,texto,recorte,
ZAC-171-recorte,De Marsella a Tokio y El Alma Japonesa. De Gómez Carrillo.,[no disponible],[no disponible],[no disponible],[no disponible],[no disponible],[no disponible],[no disponible],spa,papel,texto,recorte,
ZAC-171-foto,Fotografía de Enrique Gómez Carrillo,[no disponible],[no disponible],[no disponible],[no disponible],[no disponible],[no disponible],[no disponible],[no aplica],papel fotográfico,imagen,fotografía,
ZAC-172/173-carta,Carta a Zoila Aurora Cáceres,[ininteligible] Colette Yves?,[no disponible],[no aplica],[no aplica],"París, Francia",https://www.wikidata.org/wiki/Q90,[no disponible],fra,papel,texto,carta,
ZAC-174-recorte,París. El vino de los asesinos,"Gómez Carrillo, Enrique, 1873-1927",https://www.wikidata.org/wiki/Q5379720,[no disponible],[no disponible],[no disponible],[no disponible],[no disponible],spa,papel,texto,recorte,
ZAC-175-recorte,Carnet Mondain,[no disponible],[no disponible],L'Amerique Latine,[no disponible],"París, Francia",https://www.wikidata.org/wiki/Q90,1908-04,fra,papel,texto,recorte,
ZAC-175/176-postal,Tarjeta postal a Zoila Aurora Cáceres,[ininteligible] Bois???,[no disponible],[no disponible],[no disponible],"París, Francia",https://www.wikidata.org/wiki/Q90,[ininteligible],fra,cartón,texto,tarjeta postal,
ZAC-177/178-recorte1,Enrique Gómez Carrillo,"Battle, Carlos de",[no disponible],"Les Cinq Langues (París, 1901-1910)",https://n2t.net/ark:/13960/t37086w5c,"París, Francia",https://www.wikidata.org/wiki/Q90,1906-12-05,spa,papel,texto,recorte,
ZAC-178/180-recorte2,El culto de la cortesía,"Gómez Carrillo, Enrique, 1873-1927",https://www.wikidata.org/wiki/Q5379720,"Les Cinq Langues (París, 1901-1910)",https://n2t.net/ark:/13960/t37086w5c,"París, Francia",https://www.wikidata.org/wiki/Q90,1906-12-05,spa,papel,texto,recorte,
ZAC-180-recorte3,Á un Poste telegráfico,"Blanco-Belmonte, Marcos Rafael, 1871-1936",https://www.wikidata.org/wiki/Q15831581,"Les Cinq Langues (París, 1901-1910)",https://n2t.net/ark:/13960/t37086w5c,"París, Francia",https://www.wikidata.org/wiki/Q90,1906-12-05,spa,papel,texto,recorte,
ZAC-181/182-recorte4,"""El Alma Japonesa"" de Gómez Carrillo","Faguet, Émile, 1847-1916",https://www.wikidata.org/wiki/Q551543,"Les Cinq Langues (París, 1901-1910)",https://n2t.net/ark:/13960/t37086w5c,"París, Francia",https://www.wikidata.org/wiki/Q90,1906-12-05,spa,papel,texto,recorte,
ZAC-182-recorte5,Lo insepultable,[no disponible],[no disponible],"Les Cinq Langues (París, 1901-1910)",https://n2t.net/ark:/13960/t37086w5c,"París, Francia",https://www.wikidata.org/wiki/Q90,1906-12-05,spa,papel,texto,recorte,
ZAC-183/184-postal,Tarjeta postal a Zoila Aurora Cáceres,[ininteligible] Yves B???,[no disponible],[no aplica],[no aplica],"París, Francia",https://www.wikidata.org/wiki/Q90,[ininteligible],fra,cartón,texto,tarjeta postal,
ZAC-185/186-recorte,Bibliographie,"Bloch, E. Henri",[no disponible],"Les Cinq Langues (París, 1901-1910)",https://n2t.net/ark:/13960/t37086w5c,"París, Francia",https://www.wikidata.org/wiki/Q90,[no disponible],fra,papel,texto,recorte,
ZAC-187/188-postal,Tarjeta postal a Zoila Aurora Cáceres,[ininteligible] mismo remitente de ZAC-050/052-carta,[no disponible],[no aplica],[no aplica],"París, Francia",https://www.wikidata.org/wiki/Q90,1902-07-29,fra,cartón,texto,tarjeta postal,
ZAC-187-nota,Nota a Zoila Aurora Cáceres,[ininteligible],[no disponible],[no aplica],[no aplica],"París, Francia",https://www.wikidata.org/wiki/Q90,[no disponible],fra,papel,texto,nota,
ZAC-189-boceto,Boceto de Zoila Aurora Cáceres,[ininteligible] M B???,[no disponible],[no disponible],[no disponible],[no disponible],[no disponible],[no disponible],[no aplica],cartón,imagen,boceto,ZAC-239-foto1
ZAC-190/191-recorte,Eduardo Diez de Medina,[no disponible],[no disponible],La Crisálida,[no disponible],[no disponible],[no disponible],[no disponible],spa,papel,texto,recorte,
ZAC-190-foto,Fotografía de Luis Morote,[no disponible],[no disponible],[no disponible],[no disponible],[no disponible],[no disponible],[no disponible],[no aplica],papel,imagen,recorte,
ZAC-192/193-tarjeta,Réception de l'Association Internationale de la Presse,Association Internationale de la Presse,[no disponible],[no aplica],[no aplica],"Ginebra, Suiza",https://www.wikidata.org/wiki/Q71,1906-09-18/1906-09-19,fra,cartón,texto,tarjeta,
ZAC-194-recorte1,Americanismo,"Cáceres, Zoila Aurora, 1877-1958",https://www.wikidata.org/wiki/Q4822525,[no disponible],[no disponible],"París, Francia",https://www.wikidata.org/wiki/Q90,1906,spa,papel,texto,recorte,
ZAC-194-pase,Tessera di libero ingresso,Comune di Milano,[no disponible],[no disponible],[no disponible],"Milán, Italia",https://www.wikidata.org/wiki/Q490,[no disponible],ita,cartón,texto,pase,
ZAC-195-recorte2,Reverso de recorte,[no disponible],[no disponible],[no disponible],[no disponible],"Nueva York, Estados Unidos",https://www.wikidata.org/wiki/Q60,[no disponible],spa,papel,texto,recorte,
ZAC-196-tarjeta,Five O'clock du Figaro,[no disponible],[no disponible],[no disponible],[no disponible],[no disponible],[no disponible],1910-06-11,fra,cartón,texto,tarjeta,
ZAC-197-afiche,Caras y Caretas,"Hernández Morillo, Daniel, 1856-1932",https://www.wikidata.org/wiki/Q3014183,Caras y Caretas,[no disponible],[no disponible],[no disponible],[no disponible],spa,papel,imagen,afiche,
ZAC-198-boceto,Boceto de Zoila Aurora Cáceres,"Hernández Morillo, Daniel, 1856-1932",https://www.wikidata.org/wiki/Q3014183,[no disponible],[no disponible],[no disponible],[no disponible],[no disponible],[no aplica],papel,imagen,boceto,
ZAC-199/200-postal,Tarjeta postal a Zoila Aurora Cáceres,[ininteligible],[no disponible],[no aplica],[no aplica],"Brighton, Reino Unido",https://www.wikidata.org/wiki/Q131491,1908-07-27,spa,cartón,texto,tarjeta postal,
ZAC-201/202-postal1,Tarjeta postal a Zoila Aurora Cáceres,[ininteligible] mismo remitente de ZAC-050/052-carta,[no disponible],[no aplica],[no aplica],"París, Francia",https://www.wikidata.org/wiki/Q90,1902,spa,cartón,texto,tarjeta postal,
ZAC-201/202-postal2,Tarjeta postal a Zoila Aurora Cáceres,[ininteligible] mismo remitente de ZAC-050/052-carta,[no disponible],[no aplica],[no aplica],"París, Francia",https://www.wikidata.org/wiki/Q90,1902-02-16,spa,cartón,texto,tarjeta postal,
ZAC-203-nota,Nota a Zoila Aurora Cáceres,[ininteligible] NSF???,[no disponible],[no aplica],[no aplica],[no disponible],[no disponible],[no disponible],spa,cartón,texto,nota,
ZAC-203/204-postal,Tarjeta postal a Zoila Aurora Cáceres,[ininteligible] mismo remitente de ZAC-050/052-carta,[no disponible],[no aplica],[no aplica],"París, Francia",https://www.wikidata.org/wiki/Q90,1902-04-11,spa,cartón,texto,tarjeta postal,
ZAC-204-nota,Nota a Zoila Aurora Cáceres,[ininteligible] NSF???,[no disponible],[no aplica],[no aplica],[no disponible],[no disponible],[no disponible],fra,cartón,texto,nota,
ZAC-205-nota,Nota a Zoila Aurora Cáceres,[ininteligible] NSF???,[no disponible],[no aplica],[no aplica],[no disponible],[no disponible],[no disponible],fra,cartón,texto,nota,
ZAC-206-tarjeta1,Tarjeta de Docteur Potain,Potain,[no disponible],[no disponible],[no disponible],"París, Francia",https://www.wikidata.org/wiki/Q90,[no disponible],fra,cartón,texto,tarjeta,
ZAC-206/207-tarjeta2,"Tarjeta de Cosme Mivielle, Director de las Hijas de la Caridad","Mivielle, Cosme",[no disponible],[no disponible],[no disponible],[no disponible],[no disponible],[no disponible],fra,cartón,texto,tarjeta,
ZAC-206/207-nota,Nota a Zoila Aurora Cáceres,[ininteligible] Roca/Baca ???,[no disponible],[no disponible],[no disponible],[no disponible],[no disponible],1896-06-04,spa,cartón,texto,nota,
ZAC-208/209-postal,Tarjeta postal a Zoila Aurora Cáceres,[ininteligible],[no disponible],[no aplica],[no aplica],"París, Francia",https://www.wikidata.org/wiki/Q90,1908-06-13,fra,cartón,texto,tarjeta postal,
ZAC-210/211-carta,Carta de L. Margueritte a Zoila Aurora Cáceres,"Margueritte, L.",[no disponible],[no aplica],[no aplica],"París, Francia",https://www.wikidata.org/wiki/Q90,[no disponible],fra,papel,texto,carta,
ZAC-212-tarjeta1,Fête Latine. Banquet Aurora de Caceres,[no disponible],[no disponible],Latina (París),[no disponible],"París, Francia",https://www.wikidata.org/wiki/Q90,1910-05-07,fra,cartón,texto,tarjeta,ZAC-212/213-tarjeta2
ZAC-212/213-tarjeta2,"Banquet offert par la revue ""Latina"" à Madame Aurora de Caceres ",[no disponible],[no disponible],Latina (París),[no disponible],"París, Francia",https://www.wikidata.org/wiki/Q90,1910-05-07,fra,cartón,texto,tarjeta,"ZAC-212-tarjeta1, ZAC-198-boceto"
ZAC-212-recorte,Prisma,[no disponible],[no disponible],[no disponible],[no disponible],[no disponible],[no disponible],[no disponible],spa,papel,texto,recorte,
ZAC-214/215-nota,Nota a Zoila Aurora Cáceres,"[ininteligible] Roca/Baca, Maria ???",[no disponible],[no disponible],[no disponible],[no disponible],[no disponible],[no disponible],spa,cartón,texto,nota,
ZAC-216-recorte,Carta de Lima,"Cáceres, Zoila Aurora, 1877-1958",https://www.wikidata.org/wiki/Q4822525,"El Grito del Pueblo (Guayaquil, 1895)",[no disponible],"Lima, Perú",https://www.wikidata.org/wiki/Q2868,1900-09-10,spa,papel,texto,recorte,
ZAC-217-recorte,Isthar,"Cáceres, Zoila Aurora, 1877-1958",https://www.wikidata.org/wiki/Q4822525,[no disponible],[no disponible],[no disponible],[no disponible],[no disponible],spa,papel,texto,recorte,ZAC-241-recorte
ZAC-218-recorte,Cartas europeas,"Cáceres, Zoila Aurora, 1877-1958",https://www.wikidata.org/wiki/Q4822525,"El Grito del Pueblo (Guayaquil, 1895)",[no disponible],"París, Francia",https://www.wikidata.org/wiki/Q90,1901-05,spa,papel,texto,recorte,
ZAC-219-carta,Carta de la Baronesa de Wilson a Zoila Aurora Cáceres,"Wilson, Emilia Serrano, baronesa de, 1843-1922",https://www.wikidata.org/wiki/Q5830843,[no aplica],[no aplica],"Barcelona, España",https://www.wikidata.org/wiki/Q1492,1902-05-13,spa,papel,texto,carta,
ZAC-219-foto,Fotografía de Zoila Aurora Cáceres,[no disponible],[no disponible],[no disponible],[no disponible],[no disponible],[no disponible],[no disponible],[no aplica],papel,imagen,recorte,
ZAC-220/221-carta,Carta de Alvina v. P. de Sala a Zoila Aurora Cáceres,"Sala, Alvina van Praet de",https://www.wikidata.org/wiki/Q95749957,[no aplica],[no aplica],"Buenos Aires, Argentina",https://www.wikidata.org/wiki/Q1486,1903-03-18,spa,papel,texto,carta,ZAC-112-carta
ZAC-222-recorte,Espíritu burlón,"Cáceres, Zoila Aurora, 1877-1958",https://www.wikidata.org/wiki/Q4822525,[no disponible],[no disponible],"Tacna, Perú",https://www.wikidata.org/wiki/Q272795,[no disponible],spa,papel,texto,recorte,"ZAC-010-recorte2, ZAC-019-recorte2, ZAC-033-recorte"
ZAC-222-foto,Fotografía de público en una escenificación,[no disponible],[no disponible],[no disponible],[no disponible],[no disponible],[no disponible],[no disponible],[no aplica],papel fotográfico,imagen,fotografía,
ZAC-223/224-postal,Tarjeta postal de Pedro González y Campos a Enrique Gómez Carrillo,"González y Campos, Pedro",[no disponible],[no aplica],[no aplica],"París, Francia",https://www.wikidata.org/wiki/Q90,1906,spa,cartón,texto,tarjeta postal,
ZAC-225/226-carta,Carta de Darío Perez a Zoila Aurora Cáceres,"Pérez García, Darío, 1869-1945",https://www.wikidata.org/wiki/Q28723513,"El Liberal (Barcelona, 1901-1935)",https://www.wikidata.org/wiki/Q28518824,"Barcelona, España",https://www.wikidata.org/wiki/Q1492,1902-05-22,spa,papel,texto,carta,
ZAC-227-foto,Fotografía de esculturas griegas,[no disponible],[no disponible],[no disponible],[no disponible],[no disponible],[no disponible],[no disponible],[no aplica],papel fotográfico,imagen,fotografía,ZAC-227-nota
ZAC-227-nota,Nota sobre fotografía de esculturas griegas,"Cáceres, Zoila Aurora, 1877-1958",https://www.wikidata.org/wiki/Q4822525,[no aplica],[no aplica],[no disponible],[no disponible],[no disponible],fra,papel,texto,nota,ZAC-227-foto
ZAC-228/230-carta,Carta a Zoila Aurora Cáceres,[ininteligible] Guillermo???,[no disponible],[no aplica],[no aplica],"Lima, Perú",https://www.wikidata.org/wiki/Q2868,1906-05-29,spa,papel,texto,carta,
ZAC-231-foto?,Retrato de un hombre,[no disponible],[no disponible],[no disponible],[no disponible],[no disponible],[no disponible],[no disponible],[no aplica],papel fotográfico?,imagen,fotografía o recorte?,
ZAC-232/235-folleto,Folleto publicitario de la Compagnie Générale Transatlantique,Compagnie Générale Transatlantique,https://www.wikidata.org/wiki/Q1121065,[no aplica],[no aplica],"París, Francia",https://www.wikidata.org/wiki/Q90,[no disponible],fra,cartón,texto,folleto,
ZAC-233/234-volante,Cabin passenger list,Compagnie Générale Transatlantique,https://www.wikidata.org/wiki/Q1121065,[no aplica],[no aplica],"Nueva York, Estados Unidos",https://www.wikidata.org/wiki/Q60,1906-02-22,eng,papel,texto,volante,
ZAC-236-recorte,General Cáceres a las provincias cautivas,"Cáceres, Zoila Aurora, 1877-1958",https://www.wikidata.org/wiki/Q4822525,[no disponible],[no disponible],"Arica, Chile",https://www.wikidata.org/wiki/Q2203,[no disponible],spa,papel,texto,recorte,
ZAC-237/238-recorte,La mujer argentina,"Cáceres, Zoila Aurora, 1877-1958",https://www.wikidata.org/wiki/Q4822525,"Prisma (Lima, 1905-1907)",https://fuenteshistoricasdelperu.com/2020/06/12/prisma/,"Lima, Perú",https://www.wikidata.org/wiki/Q2868,1905-12,spa,papel,texto,recorte,
ZAC-239-foto1,Fotografía de grupo,[no disponible],[no disponible],[no disponible],[no disponible],[no disponible],[no disponible],[no disponible],[no aplica],papel fotográfico,imagen,fotografía,"ZAC-239-foto2, ZAC-189-boceto"
ZAC-239-foto2,Fotografía de grupo,[no disponible],[no disponible],[no disponible],[no disponible],[no disponible],[no disponible],[no disponible],[no aplica],papel fotográfico,imagen,fotografía,ZAC-239-foto1
ZAC-240-foto,Fotografía de Zoila Aurora Cáceres,[no disponible],[no disponible],[no disponible],[no disponible],[no disponible],[no disponible],[no disponible],[no aplica],papel fotográfico,imagen,fotografía,
ZAC-241-recorte,Isthar,"Cáceres, Zoila Aurora, 1877-1958",https://www.wikidata.org/wiki/Q4822525,[no disponible],[no disponible],[no disponible],[no disponible],[no disponible],spa,papel,texto,recorte,ZAC-217-recorte
ZAC-242/243-postal,Tarjeta postal de la revista Latina,Latina (París),[no disponible],[no aplica],[no aplica],"París, Francia",https://www.wikidata.org/wiki/Q90,[no disponible],fra,cartón,texto,tarjeta postal,
ZAC-242-carnet,Carné de Zoila Aurora Cáceres,Deutscher Frauen-Club,[no disponible],[no disponible],[no disponible],"Berlín, Alemania",https://www.wikidata.org/wiki/Q64,[no disponible],deu,cartón,texto,carné de identidad,
ZAC-244-recorte,Clorinda Matto de Turner,M.J.S,https://www.wikidata.org/wiki/Q463299,América Latina,[no disponible],[no disponible],[no disponible],[no disponible],spa,papel,texto,recorte,
ZAC-245/249-carta?,Carta de Katharina Zitelmann [entrevista epistolar],"Zitelmann, Katharina, 1844-1926",https://www.wikidata.org/wiki/Q1736024,[no aplica],[no disponible],"Berlín, Alemania",https://www.wikidata.org/wiki/Q64,[no disponible],deu,papel,texto,carta?,
ZAC-250-nota,Nota de von Tschirschky und Bögendorff a Enrique Gómez Carrillo,"Tschirschky, Heinrich von 1858-1915",https://www.wikidata.org/wiki/Q214006,[no aplica],[no disponible],"Berlín, Alemania",https://www.wikidata.org/wiki/Q64,1906-12-22,fra,papel,texto,nota,
ZAC-251-recorte1,Enrique Gómez Carrillo,[no disponible],[no disponible],"El Liberal (Madrid, 1879-1939)",https://www.wikidata.org/wiki/Q3327138,"Madrid, España",https://www.wikidata.org/wiki/Q2807,1906-06-01,spa,papel,texto,recorte,
ZAC-251-comprobante,Comprobante de Argus de la Presse,Argus de la Presse,https://www.wikidata.org/wiki/Q16650919,[no disponible],[no disponible],"París, Francia",https://www.wikidata.org/wiki/Q90,[no disponible],fra,papel,texto,comprobante,ZAC-251-recorte2
ZAC-251-recorte2,Nota sobre la boda de Zoila Aurora Cáceres con Enrique Gómez Carrillo,[no disponible],[no disponible],[ininteligible] GB B??,[no disponible],"París, Francia",https://www.wikidata.org/wiki/Q90,1906-06-07,fra,papel,texto,recorte,ZAC-251-comprobante
ZAC-251-recorte3,Matrimonio,[no disponible],[no disponible],[no disponible],[no disponible],[no disponible],[no disponible],1906,spa,papel,texto,recorte,
ZAC-251-recorte4,Matrimonio,[no disponible],[no disponible],"La República (Guatemala, 1890-?)",https://archivo.rae.es/index.php/la-republica-diario-guatemala-1890,"Antigua, Guatemala",https://www.wikidata.org/wiki/Q212773,1906-07-02,spa,papel,texto,recorte,
ZAC-252/253-carta,Carta a Zoila Aurora Cáceres,[ininteligible] Vicente,[no disponible],"Ateneo Científico, Literario y Artístico (1820-)",https://www.wikidata.org/wiki/Q2869328,"Madrid, España",https://www.wikidata.org/wiki/Q2807,[no disponible],spa,papel,texto,carta,
ZAC-254-recorte1,La boda de Gómez Carillo,[no disponible],[no disponible],"La República (Guatemala, 1890-?)",https://archivo.rae.es/index.php/la-republica-diario-guatemala-1890,"Antigua, Guatemala",https://www.wikidata.org/wiki/Q212773,1906-07-13,spa,papel,texto,recorte,
ZAC-254-recorte2,Matrimonio de Gómez Carrillo. Viaje a Italia,[no disponible],[no disponible],[no disponible],[no disponible],[no disponible],[no disponible],[no disponible],spa,papel,texto,recorte,
ZAC-254-comprobante1,Comprobante de Argus de la Presse,Argus de la Presse,https://www.wikidata.org/wiki/Q16650919,[no disponible],[no disponible],"París, Francia",https://www.wikidata.org/wiki/Q90,[no disponible],fra,papel,texto,comprobante,ZAC-254-recorte3
ZAC-254-recorte3,Mariages,[no disponible],[no disponible],Amérique Latine (París),[no disponible],"París, Francia",https://www.wikidata.org/wiki/Q90,1906-05-29,fra,papel,texto,recorte,ZAC-254-comprobante1
ZAC-254-comprobante2,Comprobante de Argus de la Presse,Argus de la Presse,https://www.wikidata.org/wiki/Q16650919,[no disponible],[no disponible],"París, Francia",https://www.wikidata.org/wiki/Q90,[no disponible],fra,papel,texto,comprobante,ZAC-254-recorte4
ZAC-254-recorte4,Communiques de mariages,[no disponible],[no disponible],"Le Matin (París, 1884-1944)",https://www.wikidata.org/wiki/Q3224404,"París, Francia",https://www.wikidata.org/wiki/Q90,1906-05-29,fra,papel,texto,recorte,ZAC-254-comprobante2
ZAC-254-comprobante3,Comprobante de Argus de la Presse,Argus de la Presse,https://www.wikidata.org/wiki/Q16650919,[no disponible],[no disponible],"París, Francia",https://www.wikidata.org/wiki/Q90,[no disponible],fra,papel,texto,comprobante,ZAC-254-recorte5
ZAC-254-recorte5,Anuncio de la boda de Zoila Aurora Cáceres con Enrique Gómez Carrillo,[no disponible],[no disponible],"Le Figaro (París, 1826-)",https://www.wikidata.org/wiki/Q216047,"París, Francia",https://www.wikidata.org/wiki/Q90,1906-05-28,fra,papel,texto,recorte,ZAC-254-comprobante3
ZAC-254-comprobante4,Comprobante de Argus de la Presse,Argus de la Presse,https://www.wikidata.org/wiki/Q16650919,[no disponible],[no disponible],"París, Francia",https://www.wikidata.org/wiki/Q90,[no disponible],fra,papel,texto,comprobante,ZAC-254-recorte6
ZAC-254-recorte6,Anuncio de la boda de Zoila Aurora Cáceres con Enrique Gómez Carrillo,[no disponible],[no disponible],"L'Écho de Paris (París, 1884-1938)",https://www.wikidata.org/wiki/Q3205139,"París, Francia",https://www.wikidata.org/wiki/Q90,1906-05-28,fra,papel,texto,recorte,ZAC-254-comprobante4
ZAC-256/258-carta,Carta de Gabriele Reuter a Zoila Aurora Cáceres,"Reuter, Gabriele, 1859-1941",https://www.wikidata.org/wiki/Q99301,[no aplica],[no aplica],"Berlín, Alemania",https://www.wikidata.org/wiki/Q64,,fra,papel,texto,carta,
ZAC-259-comprobante1,Comprobante de Argus de la Presse,Argus de la Presse,https://www.wikidata.org/wiki/Q16650919,[no disponible],[no disponible],"París, Francia",https://www.wikidata.org/wiki/Q90,[no disponible],fra,papel,texto,comprobante,ZAC-259-recorte1
ZAC-259-recorte1,Nota sobre la boda de Zoila Aurora Cáceres con Enrique Gómez Carrillo,[no disponible],[no disponible],"L'Intransigeant (París, 1880-1948)",https://www.wikidata.org/wiki/Q3204265,"París, Francia",https://www.wikidata.org/wiki/Q90,1906-06-08,fra,papel,texto,recorte,ZAC-259-comprobante1
ZAC-259-comprobante2,Comprobante de Argus de la Presse,Argus de la Presse,https://www.wikidata.org/wiki/Q16650919,[no disponible],[no disponible],"París, Francia",https://www.wikidata.org/wiki/Q90,[no disponible],fra,papel,texto,comprobante,ZAC-259-recorte2
ZAC-259-recorte2,Gomez-Carrillo,Antéro,[no disponible],Revue Américaine (París),[no disponible],"París, Francia",https://www.wikidata.org/wiki/Q90,1906-07-15,fra,papel,texto,recorte,ZAC-259-comprobante2
ZAC-259-comprobante3,Comprobante de Argus de la Presse,Argus de la Presse,https://www.wikidata.org/wiki/Q16650919,[no disponible],[no disponible],"París, Francia",https://www.wikidata.org/wiki/Q90,[no disponible],fra,papel,texto,comprobante,ZAC-259-recorte3
ZAC-259-recorte3,Publicaciones. Tarde de octubre,[no disponible],[no disponible],Diario de la Marina (Madrid),[no disponible],"Madrid, España",https://www.wikidata.org/wiki/Q2807,1906-10-12,spa,papel,texto,recorte,ZAC-259-comprobante3
ZAC-259-comprobante4,Comprobante de Argus de la Presse,Argus de la Presse,https://www.wikidata.org/wiki/Q16650919,[no disponible],[no disponible],"París, Francia",https://www.wikidata.org/wiki/Q90,[no disponible],fra,papel,texto,comprobante,ZAC-259-recorte4
ZAC-259-recorte4,Nota sobre la boda de Zoila Aurora Cáceres con Enrique Gómez Carrillo,[no disponible],[no disponible],Écho (París),[no disponible],"París, Francia",https://www.wikidata.org/wiki/Q90,1906-06-05,fra,papel,texto,recorte,ZAC-259-comprobante4
ZAC-260-carta,Carta a Zoila Aurora Cáceres,[ininteligible] Jurges??,[no disponible],[no aplica],[no aplica],[no disponible],[no disponible],1907-09-25,fra,papel,texto,carta,
ZAC-261-recorte,Notas sociales. Matrimonio entre intelectuales,[no disponible],[no disponible],"El Comercio (Lima, 1839-)",https://www.wikidata.org/wiki/Q1324020,"Lima, Perú",https://www.wikidata.org/wiki/Q2868,[no disponible],spa,papel,texto,recorte,
ZAC-262-carta,Carta a Zoila Aurora Cáceres,[ininteligible] F García Calderón / Cárdenas??,[no disponible],[no aplica],[no aplica],"París, Francia",https://www.wikidata.org/wiki/Q90,1907-01-08,spa,papel,texto,carta,
ZAC-263/264-carta,Carta de Michelangelo Draghetti a Zoila Aurora Cáceres,"Draghetti da Ferrara, Michelangelo",[no disponible],[no aplica],[no aplica],"Faenza, Italia",https://www.wikidata.org/wiki/Q52981,1907-08-30,ita,papel,texto,carta,
ZAC-265-nota,"Nota sobre direcciones en Nancy, Francia","Cáceres, Zoila Aurora, 1877-1958",https://www.wikidata.org/wiki/Q4822525,[no aplica],[no aplica],[no disponible],[no disponible],[no disponible],fra,papel,texto,nota,
ZAC-266/271-carta,Carta de Marie Robinson Wright a Zoila Aurora Cáceres,"Wright, Marie Robinson, 1866-1914",https://www.wikidata.org/wiki/Q56604012,[no aplica],[no aplica],"Río de Janeiro, Brasil",https://www.wikidata.org/wiki/Q8678,1907-06-01,eng,papel,texto,carta,
ZAC-272/283-borrador,Programa del Centro Social,"Cáceres, Zoila Aurora, 1877-1958",https://www.wikidata.org/wiki/Q4822525,[no aplica],[no aplica],[no disponible],[no disponible],[no disponible],spa,papel,texto,borrador,
ZAC-285-carta,Carta de Julio Hernández a Zoila Aurora Cáceres,"Hernández, Julio S.",[no disponible],[no aplica],[no aplica],"Lima, Perú",https://www.wikidata.org/wiki/Q2868,1905-12,spa,papel,texto,carta,
ZAC-286-tarjeta1,Tarjeta de invitación a Zoila Aurora Cáceres,Association Lombarde des Journalistes,[no disponible],[ininteligible] Ramperti-Milano,[no disponible],"Milán, Italia",https://www.wikidata.org/wiki/Q490,1906-09-21,fra,cartón,texto,tarjeta,
ZAC-286-tarjeta2,Tarjeta de invitación a Zoila Aurora Cáceres,Association Lombarde des Journalistes,[no disponible],[ininteligible] Ramperti-Milano,[no disponible],"Milán, Italia",https://www.wikidata.org/wiki/Q490,1906-09-21,fra,cartón,texto,tarjeta,
ZAC-287-foto1,Fotografía de mujer y niña en mural con dibujo de avioneta,[no disponible],[no disponible],[no disponible],[no disponible],[no disponible],[no disponible],[no disponible],[no aplica],papel fotográfico,imagen,fotografía,
ZAC-287-foto2,Fotografía de mujeres y hombres al lado de automóvil,[no disponible],[no disponible],[no disponible],[no disponible],[no disponible],[no disponible],[no disponible],[no aplica],papel fotográfico,imagen,fotografía,
ZAC-287-nota,Nota de M. Echeverría a Zoila Aurora Cáceres,"Echeverría, M.",[no disponible],[no disponible],[no disponible],"Buenos Aires, Argentina",https://www.wikidata.org/wiki/Q1486,[no disponible],spa,cartón,texto,nota,
ZAC-288/289-tarjeta,Tarjeta de invitación a banquete ,[no disponible],[no disponible],[no aplica],[no aplica],"Ginebra, Suiza",https://www.wikidata.org/wiki/Q71,1906-09-18,fra,cartón,texto,tarjeta,
ZAC-290/291-tarjeta,Tarjeta de invitación a San Pellegrino,Associazione Lombarda dei Giornalisti,[no disponible],[no aplica],[no aplica],"Milán, Italia",https://www.wikidata.org/wiki/Q490,1906-09-23,fra,cartón,texto,tarjeta,
ZAC-290/291-pase,Ingresso permanente al Toboga ed aeroplano,Societá Anonima Toboga,[no disponible],[no disponible],[no disponible],"Milán, Italia",https://www.wikidata.org/wiki/Q490,1906,ita,cartón,texto,pase,
ZAC-292-tarjeta,Tarjeta de invitación a cena,"Mangili, Cesare, 1850-1917",https://www.wikidata.org/wiki/Q18758654,[no disponible],[no disponible],"Milán, Italia",https://www.wikidata.org/wiki/Q490,1906-09-24,fra,cartón,texto,tarjeta,
ZAC-294-carta,Carta a Zoila Aurora Cáceres,[ininteligible] F García Calderón / Cárdenas??,[no disponible],[no aplica],[no aplica],"París, Francia",https://www.wikidata.org/wiki/Q90,1907-10-29,spa,papel,texto,carta,
ZAC-294/295-pase,Tessera temporanea stampa,Comité de la Exposición Universal de Milán,[no disponible],[no aplica],[no aplica],"Milán, Italia",https://www.wikidata.org/wiki/Q490,1906,ita,cartón,texto,pase,
ZAC-296-foto,Fotografía de Zoila Aurora Cáceres,[no disponible],[no disponible],América Literaria,[no disponible],[no disponible],[no disponible],[no disponible],[no aplica],papel,imagen,recorte,
ZAC-296-recorte,Zoila Aurora Cáceres,R. B. S.,[no disponible],América Literaria,[no disponible],"Callao, Perú",https://www.wikidata.org/wiki/Q105037,1903-04-24,spa,papel,texto,recorte,ZAC-296-foto
ZAC-298/299-tarjeta,Christmas greetings,"Valencia, Tórtola, 1882-1955",https://www.wikidata.org/wiki/Q3819089,[no disponible],[no disponible],"Londres, Reino Unido",https://www.wikidata.org/wiki/Q84,[ininteligible],eng,cartón,texto,tarjeta,
ZAC-300-afiche,Afiche de Tórtola Valencia. La bailarina de los pies desnudos,[no disponible],[no disponible],[no disponible],[no disponible],[no disponible],[no disponible],[no disponible],spa,papel,imagen,recorte,
ZAC-301-afiche,Afiche de Tórtola Valencia. Danza arcaica genuina del Perú,[no disponible],[no disponible],[no disponible],[no disponible],[no disponible],[no disponible],[no disponible],spa,papel,imagen,recorte,